mean_fit_time,std_fit_time,mean_score_time,std_score_time,params,split0_test_rmse,split1_test_rmse,split2_test_rmse,split3_test_rmse,split4_test_rmse,mean_test_rmse,std_test_rmse,rank_test_rmse,split0_train_rmse,split1_train_rmse,split2_train_rmse,split3_train_rmse,split4_train_rmse,mean_train_rmse,std_train_rmse,split0_test_mae,split1_test_mae,split2_test_mae,split3_test_mae,split4_test_mae,mean_test_mae,std_test_mae,rank_test_mae,split0_train_mae,split1_train_mae,split2_train_mae,split3_train_mae,split4_train_mae,mean_train_mae,std_train_mae,split0_test_r2,split1_test_r2,split2_test_r2,split3_test_r2,split4_test_r2,mean_test_r2,std_test_r2,rank_test_r2,split0_train_r2,split1_train_r2,split2_train_r2,split3_train_r2,split4_train_r2,mean_train_r2,std_train_r2
0.020069122314453125,0.0033855079091544655,0.005606937408447266,0.0013165507045401644,{},-5.703141881068147,-5.442744839549901,-5.424584724536454,-5.563041252830815,-5.605831497436907,-5.547868839084445,0.10387455669899982,1,-5.476738681637568,-5.541865005089375,-5.546228714561607,-5.509975245309304,-5.50169313642329,-5.515300156604229,0.025933607163174964,-4.608701488712753,-4.320516819434164,-4.3829409114644,-4.478203595779291,-4.446075901033729,-4.447287743284868,0.09718337060366794,1,-4.383345426689572,-4.455404353784487,-4.440605146624113,-4.413344516634169,-4.425145461424538,-4.423568981031376,0.02461170933909518,0.21371616966271167,0.21311741415291396,0.25257395500835367,0.2120396725690431,0.19861945745762144,0.2180133337701288,0.01815863020828682,1,0.22913348459473326,0.2292342982046921,0.21960109018661989,0.2298758983224941,0.2325931227346586,0.2280875788086396,0.004425548241094131
